video,prediction,confidence,strike_prob
1038.mp4,Ball,0.9811482038348913,0.01885179616510868
486.mp4,Ball,0.9739930555224419,0.026006944477558136
